id,user_id,movie_id,rating,rating_time
1,86879,faces+1968,3,2024-03-14T02:14:22
2,196711,the+cat+returns+2002,4,2024-03-14T02:14:22
3,668714,kirikou+and+the+sorceress+1998,3,2024-03-14T02:14:23
4,316891,predator+1987,4,2024-03-14T02:14:23
5,79264,alice+in+wonderland+1951,4,2024-03-14T02:14:24
6,48285,the+terminator+1984,4,2024-03-14T02:14:24
7,719253,frances+ha+2013,4,2024-03-14T02:14:24
8,504104,daughters+of+the+dust+1991,4,2024-03-14T02:14:24
9,222604,gosford+park+2001,4,2024-03-14T02:14:25
10,191650,trapped+in+paradise+1994,3,2024-03-14T02:14:25
11,545145,rahtree+flower+of+the+night+2003,5,2024-03-14T02:14:25
12,60333,the+invisible+woman+1940,3,2024-03-14T02:14:25
13,416644,47+samurai+1962,5,2024-03-14T02:14:26
14,406856,inception+2010,4,2024-03-14T02:14:26
15,388818,the+fifth+element+1997,3,2024-03-14T02:14:26
16,302425,pink+floyd+the+wall+1982,3,2024-03-14T02:14:26
17,169905,the+taste+of+others+2000,3,2024-03-14T02:14:26
18,626896,west+of+memphis+2012,3,2024-03-14T02:14:26
19,219770,the+quiet+man+1952,3,2024-03-14T02:14:27
20,196540,kill+buljo+2007,4,2024-03-14T02:14:27
21,413678,ystvni+henry+2004,4,2024-03-14T02:14:27
22,694685,sexmission+1984,4,2024-03-14T02:14:27
23,387853,brothers+keeper+1992,5,2024-03-14T02:14:28
24,663095,i+saw+the+devil+2010,4,2024-03-14T02:14:28
25,456395,the+five+senses+1999,3,2024-03-14T02:14:29
26,589781,chennai+express+2013,3,2024-03-14T02:14:29
27,315694,wolf+1994,3,2024-03-14T02:14:29
28,610089,hollow+triumph+1948,1,2024-03-14T02:14:31
29,12364,a+short+film+about+love+1988,4,2024-03-14T02:14:31
30,400868,force+of+evil+1948,4,2024-03-14T02:14:31
31,572435,star+wars+the+clone+wars+2008,3,2024-03-14T02:14:31
32,778,kill+buljo+2007,4,2024-03-14T02:14:32
33,13811,the+wolf+of+wall+street+2013,4,2024-03-14T02:14:32
34,301665,the+place+beyond+the+pines+2013,3,2024-03-14T02:14:32
35,619755,the+ruling+class+1972,4,2024-03-14T02:14:32
36,413805,extremities+1986,3,2024-03-14T02:14:33
37,624724,faces+1968,5,2024-03-14T02:14:33
38,362976,tokyo+godfathers+2003,4,2024-03-14T02:14:35
39,16545,bill+hicks+relentless+1992,4,2024-03-14T02:14:36
40,309279,the+u.s.+vs.+john+lennon+2006,4,2024-03-14T02:14:36
41,690647,big+wednesday+1978,3,2024-03-14T02:14:37
42,621917,rab+ne+bana+di+jodi+2008,4,2024-03-14T02:14:37
43,148473,princesses+2005,3,2024-03-14T02:14:38
44,411725,gentlemen+of+fortune+1971,3,2024-03-14T02:14:38
45,125966,shanghai+express+1932,4,2024-03-14T02:14:38
46,105326,the+station+agent+2003,4,2024-03-14T02:14:39
47,519525,a+better+place+1997,3,2024-03-14T02:14:39
48,109338,pirates+of+the+caribbean+the+curse+of+the+black+pearl+2003,5,2024-03-14T02:14:39
49,141949,dr.+mabuse_+the+gambler+1922,5,2024-03-14T02:14:39
50,40008,23+1998,4,2024-03-14T02:14:39
51,123108,ghost+adventures+2007,3,2024-03-14T02:14:39
52,190282,the+heiress+1949,4,2024-03-14T02:14:39
53,719883,the+informant+2009,3,2024-03-14T02:14:39
54,658200,the+trials+of+henry+kissinger+2002,3,2024-03-14T02:37:41
55,641155,loudquietloud+a+film+about+the+pixies+2006,5,2024-03-14T02:37:43
56,411871,an+occurrence+at+owl+creek+bridge+1962,3,2024-03-14T02:37:43
57,387778,the+heiress+1949,5,2024-03-14T02:37:43
58,161147,the+ruling+class+1972,4,2024-03-14T02:37:44
59,404324,the+avengers+2012,5,2024-03-14T02:37:44
60,409997,a+short+film+about+love+1988,4,2024-03-14T02:37:44
61,130484,the+heiress+1949,3,2024-03-14T02:37:44
62,220841,big+wednesday+1978,3,2024-03-14T02:37:45
63,26977,faces+1968,3,2024-03-14T02:37:45
64,101550,detroit+rock+city+1999,4,2024-03-14T02:37:45
65,216914,the+shawshank+redemption+1994,4,2024-03-14T02:37:46
66,519769,mouth+to+mouth+1995,3,2024-03-14T02:37:46
67,355961,conversations+with+other+women+2006,3,2024-03-14T02:37:46
68,478897,malena+2000,4,2024-03-14T02:37:46
69,450175,traveller+1997,4,2024-03-14T02:37:47
70,626637,kill+buljo+2007,2,2024-03-14T02:37:47
71,91019,the+shawshank+redemption+1994,5,2024-03-14T02:37:47
72,554727,armored+2009,4,2024-03-14T02:37:47
73,603425,traveller+1997,3,2024-03-14T02:37:48
74,124985,harry+potter+and+the+half-blood+prince+2009,3,2024-03-14T02:37:48
75,12627,the+sure+thing+1985,3,2024-03-14T02:37:49
76,87027,let+fury+have+the+hour+2012,3,2024-03-14T02:37:50
77,416399,brothers+keeper+1992,4,2024-03-14T02:37:50
78,610352,shrek+forever+after+2010,3,2024-03-14T02:37:51
79,183352,daughters+of+the+dust+1991,3,2024-03-14T02:37:51
80,642445,the+imitation+game+2014,3,2024-03-14T02:37:51
81,417520,galaxy+quest+1999,4,2024-03-14T02:37:51
82,426453,mishima+a+life+in+four+chapters+1985,3,2024-03-14T02:37:51
83,179849,interstellar+2014,4,2024-03-14T02:37:52
84,470922,conversations+with+other+women+2006,4,2024-03-14T02:37:52
85,185992,the+little+foxes+1941,4,2024-03-14T02:37:53
86,273617,toy+story+3+2010,5,2024-03-14T02:37:53
87,167797,escape+to+victory+1981,3,2024-03-14T02:37:53
88,353003,men+in+black+ii+2002,3,2024-03-14T02:37:53
89,620154,elizabeth+i+2005,4,2024-03-14T02:37:54
90,366210,beautiful+losers+2008,4,2024-03-14T02:37:55
91,588303,riff-raff+1991,3,2024-03-14T02:37:57
92,187546,trouble+with+the+curve+2012,3,2024-03-14T02:37:57
93,471434,a+single+man+2009,4,2024-03-14T02:37:57
94,322747,42nd+street+1933,4,2024-03-14T02:37:57
95,239087,the+place+beyond+the+pines+2013,5,2024-03-14T02:37:59
96,663018,the+girl+who+played+with+fire+2009,4,2024-03-14T02:37:59
97,251523,the+substitute+1993,4,2024-03-14T02:37:59
98,592171,the+fifth+element+1997,4,2024-03-14T02:37:59
99,466204,tombstone+1993,3,2024-03-14T02:14:40
100,78064,fast+times+at+ridgemont+high+1982,3,2024-03-14T02:14:42
101,505373,barneys+version+2010,3,2024-03-14T02:14:43
102,50349,beauty+and+the+beast+1991,3,2024-03-14T02:14:43
103,683052,bambi+1942,4,2024-03-14T02:14:43
104,234027,tokyo+godfathers+2003,4,2024-03-14T02:14:44
105,324566,big+wednesday+1978,4,2024-03-14T02:14:44
106,8257,the+secret+life+of+girls+1999,3,2024-03-14T02:14:44
107,605724,beau+brummell+this+charming+man+2006,4,2024-03-14T02:14:44
108,223458,little+white+lies+2010,4,2024-03-14T02:14:44
109,471917,the+shawshank+redemption+1994,5,2024-03-14T02:14:45
110,607046,lady+and+the+tramp+1955,3,2024-03-14T02:14:45
111,684210,the+trials+of+henry+kissinger+2002,3,2024-03-14T02:14:45
112,13999,kirikou+and+the+sorceress+1998,3,2024-03-14T02:14:45
113,29361,nightmare+alley+1947,4,2024-03-14T02:14:46
114,686634,nine+lives+2005,4,2024-03-14T02:14:46
115,695560,a+wedding+1978,5,2024-03-14T02:14:46
116,86119,frozen+2013,4,2024-03-14T02:14:46
117,734226,biutiful+2010,3,2024-03-14T02:14:46
118,530206,misunderstood+1984,4,2024-03-14T02:14:47
119,224078,howls+moving+castle+2004,4,2024-03-14T02:14:47
120,609747,nightmare+alley+1947,4,2024-03-14T02:14:47
121,447924,faces+1968,4,2024-03-14T02:14:47
122,405654,saludos+amigos+1942,4,2024-03-14T02:14:47
123,392030,the+lion+king+1994,3,2024-03-14T02:14:48
124,454889,tokyo+godfathers+2003,4,2024-03-14T02:14:48
125,381146,the+gabby+douglas+story+2014,3,2024-03-14T02:14:48
126,71341,inception+2010,5,2024-03-14T02:14:49
127,686998,trouble+with+the+curve+2012,3,2024-03-14T02:14:49
128,460578,around+the+world+in+eighty+days+1956,4,2024-03-14T02:14:49
129,443313,lust_+caution+2007,4,2024-03-14T02:14:49
130,68574,a+short+film+about+love+1988,4,2024-03-14T02:14:50
131,732602,brothers+keeper+1992,4,2024-03-14T02:14:50
132,110816,despicable+me+2+2013,4,2024-03-14T02:14:50
133,132930,the+man+without+a+past+2002,4,2024-03-14T02:14:51
134,458800,the+tao+of+steve+2000,3,2024-03-14T02:14:51
135,635129,the+lord+of+the+rings+the+fellowship+of+the+ring+2001,3,2024-03-14T02:14:51
136,406078,innocence+2004,4,2024-03-14T02:14:51
137,106835,the+heroes+of+telemark+1965,4,2024-03-14T02:14:51
138,289358,goldfinger+1964,4,2024-03-14T02:14:52
139,474859,the+trials+of+henry+kissinger+2002,4,2024-03-14T02:14:52
140,497695,trouble+with+the+curve+2012,3,2024-03-14T02:14:52
141,307819,kirikou+and+the+sorceress+1998,4,2024-03-14T02:14:52
142,667419,the+trials+of+henry+kissinger+2002,4,2024-03-14T02:14:53
143,134446,endgame+2009,3,2024-03-14T02:14:54
144,117017,battle+for+the+planet+of+the+apes+1973,4,2024-03-14T02:14:54
145,50850,count+three+and+pray+1955,3,2024-03-14T02:14:55
146,480563,autopsy+2008,3,2024-03-14T02:14:56
147,419948,conversations+with+other+women+2006,3,2024-03-14T02:14:56
148,527363,sister+my+sister+1994,3,2024-03-14T02:14:56
149,371494,jeremy+1973,4,2024-03-14T02:14:56
150,500306,the+great+waltz+1938,4,2024-03-14T02:14:57
151,683902,good-bye_+my+lady+1956,3,2024-03-14T02:14:57
152,598108,zatichis+cane+sword+1967,4,2024-03-14T02:14:57
153,256840,ice+age+2002,5,2024-03-14T02:14:57
154,66261,ponyo+2008,3,2024-03-14T02:38:01
155,236648,sunshine+state+2002,4,2024-03-14T02:38:01
156,265929,private+school+1983,4,2024-03-14T02:38:01
157,659482,the+little+foxes+1941,3,2024-03-14T02:38:02
158,345845,cinderella+1950,5,2024-03-14T02:38:02
159,534082,loudquietloud+a+film+about+the+pixies+2006,5,2024-03-14T02:38:03
160,669969,aqu+llega+condemor_+el+pecador+de+la+pradera+1996,3,2024-03-14T02:38:03
161,685578,elizabeth+i+2005,4,2024-03-14T02:38:04
162,162083,sunset+park+1996,2,2024-03-14T02:38:04
163,698304,mammy+1930,4,2024-03-14T02:38:04
164,394157,faces+1968,5,2024-03-14T02:38:06
165,596500,stuck+in+love+2012,3,2024-03-14T02:38:06
166,42287,the+great+debaters+2007,4,2024-03-14T02:38:07
167,589523,big+wednesday+1978,4,2024-03-14T02:38:07
168,175235,the+skinny+2012,3,2024-03-14T02:38:07
169,686785,all+good+things+2010,4,2024-03-14T02:38:08
170,236086,the+den+2013,3,2024-03-14T02:38:08
171,97501,the+million+dollar+hotel+2000,3,2024-03-14T02:38:09
172,156879,law+abiding+citizen+2009,4,2024-03-14T02:38:09
173,199123,live+free+or+die+2006,4,2024-03-14T02:38:10
174,688525,chicken+run+2000,3,2024-03-14T02:38:10
175,629126,barbie+a+fashion+fairytale+2010,4,2024-03-14T02:38:11
176,597641,the+professionals+1966,5,2024-03-14T02:38:11
177,251455,cries+and+whispers+1972,3,2024-03-14T02:38:12
178,331129,elizabeth+i+2005,4,2024-03-14T02:38:12
179,587574,the+holy+mountain+1973,4,2024-03-14T02:38:12
180,365031,wicker+park+2004,3,2024-03-14T02:38:13
181,251172,the+little+foxes+1941,3,2024-03-14T02:38:13
182,265339,capricorn+one+1977,2,2024-03-14T02:38:14
183,634687,the+cry+of+the+owl+2009,4,2024-03-14T02:38:14
184,693887,traveller+1997,4,2024-03-14T02:38:14
185,167267,z+1969,5,2024-03-14T02:38:14
186,711222,the+trials+of+henry+kissinger+2002,4,2024-03-14T02:38:15
187,500610,10+things+i+hate+about+you+1999,2,2024-03-14T02:38:15
188,239188,dark+days+2000,4,2024-03-14T02:38:15
189,170385,traveller+1997,2,2024-03-14T02:38:16
190,660942,velvet+goldmine+1998,4,2024-03-14T02:38:16
191,552622,the+cowboys+1972,4,2024-03-14T02:38:16
192,193005,the+little+foxes+1941,3,2024-03-14T02:38:16
193,420529,nightmare+alley+1947,4,2024-03-14T02:38:16
194,6897,the+dark+knight+2008,5,2024-03-14T02:38:17
195,164904,a+short+film+about+love+1988,4,2024-03-14T02:38:17
196,437531,bring+on+the+night+1985,3,2024-03-14T02:38:17
197,734399,i+saw+the+devil+2010,3,2024-03-14T02:38:19
198,31749,the+princess+and+the+frog+2009,4,2024-03-14T02:38:19
199,581475,miss+bala+2011,3,2024-03-14T02:38:19
200,207047,the+little+foxes+1941,4,2024-03-14T02:38:19
201,612440,the+five+senses+1999,5,2024-03-14T02:38:19
202,295714,megamind+2010,4,2024-03-14T02:38:20
203,542633,dark+days+2000,4,2024-03-14T02:14:58
204,724890,dr.+mabuse_+the+gambler+1922,3,2024-03-14T02:14:58
205,193622,coraline+2009,3,2024-03-14T02:14:59
206,555782,the+game+plan+2007,4,2024-03-14T02:14:59
207,50922,the+inspector+1962,4,2024-03-14T02:14:59
208,504718,biutiful+2010,4,2024-03-14T02:15:01
209,590047,3+idiots+2009,3,2024-03-14T02:15:01
210,674331,the+legend+i+1993,3,2024-03-14T02:15:01
211,446092,ladybird+ladybird+1994,5,2024-03-14T02:15:01
212,343365,dark+days+2000,5,2024-03-14T02:15:02
213,83326,the+physician+2013,4,2024-03-14T02:15:02
214,479655,the+spiders+stratagem+1970,3,2024-03-14T02:15:03
215,26618,trouble+with+the+curve+2012,3,2024-03-14T02:15:03
216,128710,the+heiress+1949,5,2024-03-14T02:15:03
217,543820,beachhead+1954,3,2024-03-14T02:15:03
218,59018,avatar+2009,4,2024-03-14T02:15:03
219,320894,think+like+a+man+2012,3,2024-03-14T02:15:04
220,198301,the+trials+of+henry+kissinger+2002,4,2024-03-14T02:15:04
221,57457,fracture+2007,3,2024-03-14T02:15:04
222,27019,loudquietloud+a+film+about+the+pixies+2006,4,2024-03-14T02:15:04
223,517131,tokyo+godfathers+2003,5,2024-03-14T02:15:05
224,227215,land+of+silence+and+darkness+1971,5,2024-03-14T02:15:05
225,32095,gone+girl+2014,3,2024-03-14T02:15:05
226,375169,gentlemen+of+fortune+1971,4,2024-03-14T02:15:05
227,293807,the+shawshank+redemption+1994,5,2024-03-14T02:15:05
228,395772,i+killed+my+mother+2009,4,2024-03-14T02:15:05
229,636872,girlhood+2014,5,2024-03-14T02:15:05
230,85081,tokyo+godfathers+2003,3,2024-03-14T02:15:05
231,609042,a+pigeon+sat+on+a+branch+reflecting+on+existence+2014,3,2024-03-14T02:15:05
232,700969,i+saw+the+devil+2010,5,2024-03-14T02:15:06
233,527064,in+time+2011,4,2024-03-14T02:15:06
234,598103,trapped+in+paradise+1994,3,2024-03-14T02:15:06
235,296418,seven+samurai+1954,5,2024-03-14T02:15:06
236,177717,the+ruling+class+1972,4,2024-03-14T02:15:06
237,161528,angels+with+dirty+faces+1938,4,2024-03-14T02:15:07
238,37560,i+killed+my+mother+2009,4,2024-03-14T02:15:07
239,521973,quantum+of+solace+2008,4,2024-03-14T02:15:07
240,199648,back+to+the+future+1985,4,2024-03-14T02:15:07
241,203603,i+saw+the+devil+2010,4,2024-03-14T02:15:08
242,362666,the+young+lieutenant+2005,4,2024-03-14T02:15:09
243,579880,traveller+1997,3,2024-03-14T02:15:09
244,655418,the+night+walker+1964,4,2024-03-14T02:15:10
245,365898,national+lampoons+the+legend+of+awesomest+maximus+2014,4,2024-03-14T02:15:10
246,176342,cleopatra+1963,3,2024-03-14T02:15:10
247,82755,the+matrix+1999,5,2024-03-14T02:15:10
248,731854,all+the+mornings+of+the+world+1991,3,2024-03-14T02:15:10
249,549541,evil+under+the+sun+1982,4,2024-03-14T02:15:11
250,734123,the+little+foxes+1941,4,2024-03-14T02:15:11
251,28584,night+of+the+living+dead+1990,3,2024-03-14T02:15:11
252,255582,brothers+keeper+1992,4,2024-03-14T02:15:12
253,419748,gentlemen+of+fortune+1971,5,2024-03-14T02:15:12
254,191398,42nd+street+1933,4,2024-03-14T02:15:13
255,351318,stargate+the+ark+of+truth+2008,4,2024-03-14T02:15:13
256,551539,dark+days+2000,3,2024-03-14T02:15:13
257,41915,the+little+foxes+1941,4,2024-03-14T02:15:13
258,604501,bye+bye+braverman+1968,3,2024-03-14T02:15:13
259,220336,mysterious+skin+2004,3,2024-03-14T02:15:13
260,556441,simple+men+1992,3,2024-03-14T02:15:14
261,726976,anatomy+of+a+murder+1959,4,2024-03-14T02:15:14
262,640612,gentlemen+of+fortune+1971,4,2024-03-14T02:15:15
263,526580,the+ruling+class+1972,3,2024-03-14T02:15:15
264,300125,i+killed+my+mother+2009,4,2024-03-14T02:15:16
265,509764,trust+2010,3,2024-03-14T02:38:20
266,22881,kiler-w+2-ch+1999,2,2024-03-14T02:38:20
267,617031,the+girl+next+door+2007,3,2024-03-14T02:38:21
268,517540,a+little+romance+1979,5,2024-03-14T02:38:21
269,584246,sunshine+state+2002,4,2024-03-14T02:38:21
270,234632,the+five+senses+1999,2,2024-03-14T02:38:21
271,242162,dark+days+2000,4,2024-03-14T02:38:22
272,586416,i+killed+my+mother+2009,4,2024-03-14T02:38:22
273,473238,the+astronaut+farmer+2006,4,2024-03-14T02:38:23
274,510532,biutiful+2010,4,2024-03-14T02:38:24
275,698315,the+wolf+of+wall+street+2013,4,2024-03-14T02:38:24
276,556890,how+to+steal+a+million+1966,4,2024-03-14T02:38:24
277,44839,paprika+2006,4,2024-03-14T02:38:25
278,291945,headshot+2011,3,2024-03-14T02:38:25
279,693363,tinker+tailor+soldier+spy+2011,3,2024-03-14T02:38:25
280,615303,the+place+beyond+the+pines+2013,4,2024-03-14T02:38:26
281,549664,faces+1968,4,2024-03-14T02:38:26
282,606841,brothers+keeper+1992,4,2024-03-14T02:38:27
283,327923,nightmare+alley+1947,4,2024-03-14T02:38:27
284,176220,the+dark+knight+rises+2012,5,2024-03-14T02:38:27
285,223125,ladybird+ladybird+1994,5,2024-03-14T02:38:27
286,246015,the+devil+wears+prada+2006,3,2024-03-14T02:38:27
287,468173,biutiful+2010,4,2024-03-14T02:38:28
288,523707,the+prime+of+miss+jean+brodie+1969,5,2024-03-14T02:38:28
289,52058,starship+troopers+1997,4,2024-03-14T02:38:28
290,594922,the+spanish+apartment+2002,5,2024-03-14T02:38:29
291,480964,mouth+to+mouth+1995,4,2024-03-14T02:38:29
292,337888,adam+resurrected+2008,2,2024-03-14T02:38:29
293,125328,life+is+no+piece+of+cake+2012,4,2024-03-14T02:38:29
294,708551,traveller+1997,3,2024-03-14T02:38:30
295,655305,all+the+presidents+men+1976,4,2024-03-14T02:38:30
296,289381,the+dark+knight+rises+2012,4,2024-03-14T02:38:30
297,566120,a+hard+days+night+1964,3,2024-03-14T02:38:30
298,436432,ladybird+ladybird+1994,4,2024-03-14T02:38:30
299,659160,calvary+2014,3,2024-03-14T02:38:31
300,115698,night+of+the+living+dead+1990,3,2024-03-14T02:38:31
301,404654,the+hobbit+an+unexpected+journey+2012,4,2024-03-14T02:38:32
302,193691,elizabeth+i+2005,4,2024-03-14T02:38:33
303,616999,all+the+mornings+of+the+world+1991,4,2024-03-14T02:38:34
304,136705,sunshine+state+2002,3,2024-03-14T02:38:34
305,389871,dr.+mabuse_+the+gambler+1922,4,2024-03-14T02:38:34
306,102294,black+sabbath+1963,4,2024-03-14T02:38:34
307,247414,kirikou+and+the+sorceress+1998,4,2024-03-14T02:38:34
308,44909,the+chronicles+of+narnia+the+lion_+the+witch+and+the+wardrobe+2005,4,2024-03-14T02:38:34
309,146230,louis+c.k.+chewed+up+2008,3,2024-03-14T02:38:34
310,133423,cries+and+whispers+1972,4,2024-03-14T02:38:35
311,457381,loudquietloud+a+film+about+the+pixies+2006,4,2024-03-14T02:38:35
312,10595,mickey_+donald_+goofy+the+three+musketeers+2004,3,2024-03-14T02:38:35
313,280581,bound+1996,4,2024-03-14T02:38:36
314,262683,a+short+film+about+love+1988,3,2024-03-14T02:38:36
315,723890,silver+streak+1976,2,2024-03-14T02:38:36
316,361657,the+cannonball+run+1981,4,2024-03-14T02:38:36
317,38144,payback+1999,3,2024-03-14T02:38:36
318,146668,alien+1979,3,2024-03-14T02:38:37
319,422675,black+sunday+1977,4,2024-03-14T02:38:37
320,489650,i+killed+my+mother+2009,4,2024-03-14T02:38:38
321,391734,the+shawshank+redemption+1994,5,2024-03-14T02:38:38
322,64471,gentlemen+of+fortune+1971,4,2024-03-14T02:38:38
323,116394,flipped+2010,4,2024-03-14T02:38:38
324,462370,the+great+debaters+2007,4,2024-03-14T02:38:38
325,483967,nightmare+alley+1947,4,2024-03-14T02:38:39
326,338548,wartorn+1861-2010+2010,3,2024-03-14T02:15:16
327,598159,mercy+streets+2000,3,2024-03-14T02:15:16
328,509774,atanarjuat+the+fast+runner+2002,4,2024-03-14T02:15:17
329,731750,nightmare+alley+1947,3,2024-03-14T02:15:17
330,232923,chinese+zodiac+2012,3,2024-03-14T02:15:17
331,370544,tammy+2014,3,2024-03-14T02:15:17
332,227243,richard+pryor+live+in+concert+1979,3,2024-03-14T02:15:17
333,213857,tokyo+godfathers+2003,5,2024-03-14T02:15:18
334,445098,hedgehog+in+the+fog+1975,2,2024-03-14T02:15:18
335,175512,megamind+2010,3,2024-03-14T02:15:19
336,108352,lesson+of+the+evil+2012,3,2024-03-14T02:15:19
337,608966,i+killed+my+mother+2009,4,2024-03-14T02:15:19
338,352336,the+girl+next+door+2007,5,2024-03-14T02:15:19
339,696056,ladybird+ladybird+1994,3,2024-03-14T02:15:20
340,533809,elizabeth+i+2005,4,2024-03-14T02:15:20
341,552892,i+sell+the+dead+2008,3,2024-03-14T02:15:20
342,290361,reservoir+dogs+1992,4,2024-03-14T02:15:20
343,165257,stop+making+sense+1984,3,2024-03-14T02:15:21
344,28517,i+am+cuba+1964,4,2024-03-14T02:15:22
345,708349,hercules+1997,4,2024-03-14T02:15:22
346,139016,dark+days+2000,4,2024-03-14T02:15:22
347,620721,the+crimson+pirate+1952,4,2024-03-14T02:15:22
348,140718,a+short+film+about+love+1988,4,2024-03-14T02:15:23
349,481508,mr.++mrs.+smith+2005,4,2024-03-14T02:15:24
350,460090,pirates+of+the+caribbean+at+worlds+end+2007,3,2024-03-14T02:15:24
351,194110,cries+and+whispers+1972,4,2024-03-14T02:15:25
352,42921,the+good_+the+bad+and+the+ugly+1966,4,2024-03-14T02:15:25
353,154628,the+invisible+boy+2014,3,2024-03-14T02:15:25
354,718793,the+war+is+over+1966,4,2024-03-14T02:15:26
355,457487,the+island+2005,4,2024-03-14T02:15:26
356,683593,dawn+of+the+planet+of+the+apes+2014,4,2024-03-14T02:15:27
357,504211,the+strange+little+cat+2013,4,2024-03-14T02:15:27
358,498677,cries+and+whispers+1972,4,2024-03-14T02:15:27
359,25755,interstellar+2014,3,2024-03-14T02:15:29
360,13730,the+place+beyond+the+pines+2013,3,2024-03-14T02:15:29
361,547949,the+crimson+pirate+1952,4,2024-03-14T02:15:29
362,416500,the+twilight+saga+eclipse+2010,3,2024-03-14T02:15:30
363,473267,traveller+1997,4,2024-03-14T02:15:30
364,451479,loudquietloud+a+film+about+the+pixies+2006,5,2024-03-14T02:15:31
365,342856,the+little+foxes+1941,4,2024-03-14T02:15:31
366,142341,mouth+to+mouth+1995,3,2024-03-14T02:15:32
367,304767,please+dont+eat+the+daisies+1960,3,2024-03-14T02:15:32
368,26420,the+marriage+circle+1924,5,2024-03-14T02:15:32
369,211583,the+princess+and+the+goblin+1992,3,2024-03-14T02:15:33
370,552782,terms+of+endearment+1983,4,2024-03-14T02:15:34
371,186270,2001+a+space+odyssey+1968,4,2024-03-14T02:15:34
372,246230,fire+and+ice+the+dragon+chronicles+2008,3,2024-03-14T02:15:34
373,235061,saving+private+ryan+1998,5,2024-03-14T02:38:39
374,575664,the+u.s.+vs.+john+lennon+2006,4,2024-03-14T02:38:39
375,637530,hamlet+1990,4,2024-03-14T02:38:40
376,242898,crank+2006,4,2024-03-14T02:38:41
377,148993,the+crimson+pirate+1952,4,2024-03-14T02:38:41
378,682161,shutter+island+2010,5,2024-03-14T02:38:41
379,223324,i_+robot+2004,4,2024-03-14T02:38:41
380,649894,the+five+senses+1999,4,2024-03-14T02:38:42
381,238160,spirited+away+2001,4,2024-03-14T02:38:43
382,30115,war+of+the+shaolin+temple+1980,3,2024-03-14T02:38:43
383,672766,conversations+with+other+women+2006,4,2024-03-14T02:38:43
384,487247,moliere+2007,3,2024-03-14T02:38:44
385,557136,the+postman+1994,4,2024-03-14T02:38:44
386,637690,nightmare+alley+1947,5,2024-03-14T02:38:44
387,463528,love++pop+1998,3,2024-03-14T02:38:44
388,558110,the+heiress+1949,4,2024-03-14T02:38:44
389,17239,conversations+with+other+women+2006,4,2024-03-14T02:38:45
390,170307,i+will+fight+no+more+forever+1975,4,2024-03-14T02:38:45
391,75538,a+short+film+about+love+1988,4,2024-03-14T02:38:45
392,428418,pale+rider+1985,4,2024-03-14T02:38:45
393,536459,i+saw+the+devil+2010,3,2024-03-14T02:38:46
394,586197,mulan+rise+of+a+warrior+2009,3,2024-03-14T02:38:46
395,372880,hard+sun+2014,4,2024-03-14T02:38:46
396,82232,whisper+of+the+heart+1995,4,2024-03-14T02:38:47
397,137379,since+otar+left+2003,4,2024-03-14T02:38:47
398,33972,only+you+1994,4,2024-03-14T02:38:47
399,442326,three+on+a+match+1932,4,2024-03-14T02:38:47
400,574729,the+heiress+1949,3,2024-03-14T02:38:48
401,712295,camelot+1967,4,2024-03-14T02:38:48
402,409914,the+mummy+1999,3,2024-03-14T02:38:48
403,553588,the+princess+and+the+frog+2009,4,2024-03-14T02:38:49
404,502467,dr.+mabuse_+the+gambler+1922,4,2024-03-14T02:38:50
405,344411,nostalgia+1983,4,2024-03-14T02:38:50
406,658932,thank+you+a+lot+2014,3,2024-03-14T02:38:50
407,331376,pirates+of+the+caribbean+the+curse+of+the+black+pearl+2003,4,2024-03-14T02:38:51
408,414788,children+underground+2001,3,2024-03-14T02:38:51
409,460060,the+professionals+1966,5,2024-03-14T02:38:51
410,609710,moliere+2007,3,2024-03-14T02:38:51
411,671576,the+mist+2007,3,2024-03-14T02:38:51
412,118324,fear+city+a+family-style+comedy+1994,4,2024-03-14T02:38:51
413,44026,ocean+waves+1993,3,2024-03-14T02:38:51
414,195478,dr.+no+1962,4,2024-03-14T02:38:51
415,547329,the+girl+next+door+2007,3,2024-03-14T02:38:52
416,603389,tokyo+godfathers+2003,4,2024-03-14T02:38:52
417,14550,an+inconvenient+tax+2011,4,2024-03-14T02:38:53
418,152229,submarine+x-1+1969,2,2024-03-14T02:38:53
419,438418,the+lord+of+the+rings+the+fellowship+of+the+ring+2001,4,2024-03-14T02:38:53
420,655962,the+heiress+1949,4,2024-03-14T02:38:53
421,256494,the+place+beyond+the+pines+2013,3,2024-03-14T02:38:54
422,668780,trouble+with+the+curve+2012,4,2024-03-14T02:38:54
423,584765,american+promise+2013,4,2024-03-14T02:38:54
424,534085,the+black+room+1935,3,2024-03-14T02:38:54
425,426531,the+professionals+1966,4,2024-03-14T02:38:55
426,577484,the+theory+of+flight+1999,4,2024-03-14T02:38:55
427,387721,the+muppet+christmas+carol+1992,4,2024-03-14T02:38:55
428,190204,nightmare+alley+1947,4,2024-03-14T02:38:55
429,180600,the+green+mile+1999,5,2024-03-14T02:38:56
430,11887,biutiful+2010,3,2024-03-14T02:38:57
431,623843,dr.+mabuse_+the+gambler+1922,3,2024-03-14T02:38:57
432,174502,inglourious+basterds+2009,5,2024-03-14T02:38:57
433,234654,gattaca+1997,4,2024-03-14T02:38:57
434,621726,merry+christmas_+mr.+lawrence+1983,3,2024-03-14T02:38:57
435,222824,cries+and+whispers+1972,4,2024-03-14T02:38:57
436,467681,the+little+foxes+1941,4,2024-03-14T02:15:35
437,448168,a+short+film+about+love+1988,4,2024-03-14T02:15:35
438,254921,paris_+france+1994,3,2024-03-14T02:15:35
439,224866,all+the+presidents+men+1976,4,2024-03-14T02:15:36
440,565245,ladybird+ladybird+1994,4,2024-03-14T02:15:36
441,76338,the+warrior+2001,4,2024-03-14T02:15:36
442,291847,the+house+of+the+spirits+1993,4,2024-03-14T02:15:36
443,621495,ladybird+ladybird+1994,3,2024-03-14T02:15:37
444,507254,loser+takes+all+2002,4,2024-03-14T02:15:37
445,69729,m.+butterfly+1993,4,2024-03-14T02:15:37
446,636019,the+little+foxes+1941,4,2024-03-14T02:15:37
447,45377,the+kingdom+1994,4,2024-03-14T02:15:38
448,564204,the+dark+knight+rises+2012,5,2024-03-14T02:15:38
449,679676,biutiful+2010,3,2024-03-14T02:15:38
450,547422,the+day+the+earth+stood+still+1951,4,2024-03-14T02:15:38
451,436796,the+lord+of+the+rings+the+fellowship+of+the+ring+2001,4,2024-03-14T02:15:38
452,111039,the+lost+thing+2010,4,2024-03-14T02:15:39
453,618139,nightmare+alley+1947,4,2024-03-14T02:15:39
454,104826,the+little+foxes+1941,4,2024-03-14T02:15:39
455,353297,rebecca+1940,3,2024-03-14T02:15:40
456,668199,pulp+fiction+1994,5,2024-03-14T02:15:40
457,211225,dark+days+2000,4,2024-03-14T02:15:41
458,365474,final+cut+1998,3,2024-03-14T02:15:42
459,406502,mouth+to+mouth+1995,3,2024-03-14T02:15:42
460,7718,spider-man+2002,4,2024-03-14T02:15:43
461,544207,stars+1959,3,2024-03-14T02:15:44
462,584725,anatomy+of+a+murder+1959,3,2024-03-14T02:15:44
463,631402,the+chronicles+of+narnia+the+lion_+the+witch+and+the+wardrobe+2005,4,2024-03-14T02:15:44
464,35039,the+heiress+1949,4,2024-03-14T02:15:44
465,461842,elizabeth+i+2005,4,2024-03-14T02:15:44
466,451169,the+ruling+class+1972,4,2024-03-14T02:15:44
467,215888,42nd+street+1933,4,2024-03-14T02:15:44
468,463213,percy+jackson++the+olympians+the+lightning+thief+2010,2,2024-03-14T02:15:45
469,242977,miss+and+the+doctors+2013,4,2024-03-14T02:15:45
470,645076,the+stoning+of+soraya+m.+2008,3,2024-03-14T02:15:45
471,277461,inception+2010,5,2024-03-14T02:15:46
472,581902,tokyo+godfathers+2003,2,2024-03-14T02:15:46
473,570090,trapped+in+paradise+1994,3,2024-03-14T02:15:46
474,175467,dr.+mabuse_+the+gambler+1922,3,2024-03-14T02:15:46
475,497668,the+italian+2005,4,2024-03-14T02:15:46
476,26454,harry+potter+and+the+goblet+of+fire+2005,2,2024-03-14T02:15:47
477,680076,easy+to+love+1953,4,2024-03-14T02:15:47
478,320534,the+bourne+supremacy+2004,3,2024-03-14T02:15:47
479,387489,harry+potter+and+the+order+of+the+phoenix+2007,4,2024-03-14T02:15:47
480,163462,private+school+1983,2,2024-03-14T02:15:47
481,262476,billy+bathgate+1991,4,2024-03-14T02:15:48
482,321040,shrek+2001,3,2024-03-14T02:15:48
483,365478,leon+the+professional+1994,4,2024-03-14T02:15:48
484,723688,swamp+shark+2011,4,2024-03-14T02:15:48
485,230497,i+saw+the+devil+2010,5,2024-03-14T02:15:48
486,124060,the+hole+1998,4,2024-03-14T02:15:48
487,97726,42nd+street+1933,4,2024-03-14T02:15:48
488,489216,the+heiress+1949,4,2024-03-14T02:15:49
489,384689,all+the+mornings+of+the+world+1991,4,2024-03-14T02:15:49
490,143693,one+man+band+2005,4,2024-03-14T02:15:49
491,310197,star+wars+1977,4,2024-03-14T02:15:49
492,342463,42nd+street+1933,3,2024-03-14T02:15:49
493,463760,forgiven+2007,3,2024-03-14T02:15:49
494,185246,toy+story+3+2010,4,2024-03-14T02:15:50
495,191843,se7en+1995,5,2024-03-14T02:15:50
496,449560,a+short+film+about+love+1988,5,2024-03-14T02:15:51
497,624549,changing+sides+2008,3,2024-03-14T02:15:51
498,21165,nightmare+alley+1947,3,2024-03-14T02:15:51
499,441966,nightmare+alley+1947,4,2024-03-14T02:15:52
500,191371,trouble+with+the+curve+2012,4,2024-03-14T02:15:53
501,224165,big+wednesday+1978,4,2024-03-14T02:15:53
502,629584,buena+vista+social+club+1999,5,2024-03-14T02:15:53
503,521409,walle+2008,4,2024-03-14T02:15:53
504,482187,the+lucky+one+2012,4,2024-03-14T02:15:53
505,467198,biutiful+2010,3,2024-03-14T02:38:58
506,623899,a+gentle+breeze+in+the+village+2007,4,2024-03-14T02:38:58
507,273685,summer+magic+1963,3,2024-03-14T02:38:59
508,665858,gentlemen+of+fortune+1971,5,2024-03-14T02:38:59
509,184231,all+good+things+2010,3,2024-03-14T02:39:01
510,311241,hairspray+2007,3,2024-03-14T02:39:02
511,451071,tokyo+godfathers+2003,3,2024-03-14T02:39:02
512,540346,dark+days+2000,5,2024-03-14T02:39:02
513,709591,seven+waves+away+1957,4,2024-03-14T02:39:03
514,447731,10+questions+for+the+dalai+lama+2006,3,2024-03-14T02:39:03
515,684375,ratatouille+2007,4,2024-03-14T02:39:03
516,279792,iron+man+2+2010,3,2024-03-14T02:39:04
517,493362,the+professionals+1966,4,2024-03-14T02:39:04
518,93946,beetlejuice+1988,4,2024-03-14T02:39:05
519,222746,ajami+2009,4,2024-03-14T02:39:05
520,668813,the+little+foxes+1941,5,2024-03-14T02:39:05
521,369823,draft+day+2014,4,2024-03-14T02:39:06
522,486126,the+ruling+class+1972,4,2024-03-14T02:39:06
523,441727,severance+2006,3,2024-03-14T02:39:07
524,601088,the+illusionist+2006,3,2024-03-14T02:39:07
525,61109,loudquietloud+a+film+about+the+pixies+2006,4,2024-03-14T02:39:08
526,193501,coming+home+2014,4,2024-03-14T02:39:08
527,207609,dark+days+2000,5,2024-03-14T02:39:08
528,423229,the+salt+of+the+earth+2014,3,2024-03-14T02:39:08
529,94222,frankenweenie+2012,4,2024-03-14T02:39:08
530,141377,akira+1988,4,2024-03-14T02:39:09
531,259431,the+five+senses+1999,4,2024-03-14T02:39:09
532,408705,scarface+1983,4,2024-03-14T02:39:10
533,211727,the+trials+of+henry+kissinger+2002,4,2024-03-14T02:39:10
534,150763,the+heiress+1949,4,2024-03-14T02:39:10
535,632348,moliere+2007,4,2024-03-14T02:39:10
536,239683,indiana+jones+and+the+last+crusade+1989,3,2024-03-14T02:39:10
537,468322,the+little+foxes+1941,5,2024-03-14T02:39:10
538,595120,the+good_+the+bad+and+the+ugly+1966,5,2024-03-14T02:39:11
539,224365,nightbreed+1990,2,2024-03-14T02:39:11
540,596768,iron+man+2008,4,2024-03-14T02:39:11
541,15249,the+man+who+knew+too+much+1934,4,2024-03-14T02:39:11
542,235612,stella+maris+1918,4,2024-03-14T02:39:12
543,390908,all+the+mornings+of+the+world+1991,4,2024-03-14T02:39:12
544,65647,an+affair+of+love+1999,5,2024-03-14T02:39:13
545,434418,where+eagles+dare+1968,4,2024-03-14T02:39:13
546,258047,violent+cop+1989,4,2024-03-14T02:39:13
547,213912,delicatessen+1991,4,2024-03-14T02:39:14
548,391709,dark+days+2000,5,2024-03-14T02:39:14
549,450864,trapped+in+paradise+1994,3,2024-03-14T02:39:15
550,419607,rebellion+2011,4,2024-03-14T02:39:15
551,399549,lisbela+and+the+prisoner+2003,3,2024-03-14T02:39:15
552,63289,the+professionals+1966,5,2024-03-14T02:39:16
553,498629,nightmare+alley+1947,4,2024-03-14T02:39:17
554,595261,mad+rons+prevues+from+hell+1987,4,2024-03-14T02:39:17
555,573526,margarets+museum+1995,4,2024-03-14T02:39:17
556,336148,the+ruling+class+1972,3,2024-03-14T02:15:53
557,584916,the+u.s.+vs.+john+lennon+2006,3,2024-03-14T02:15:55
558,730541,jump+1965,4,2024-03-14T02:15:55
559,571780,cries+and+whispers+1972,3,2024-03-14T02:15:55
560,424056,yolanda+and+the+thief+1945,3,2024-03-14T02:15:55
561,261757,armored+2009,4,2024-03-14T02:15:56
562,459796,in+tranzit+2007,3,2024-03-14T02:15:57
563,566749,mulholland+drive+2001,3,2024-03-14T02:15:57
564,346505,agatha+and+the+storm+2004,3,2024-03-14T02:15:57
565,687008,42nd+street+1933,4,2024-03-14T02:15:57
566,534069,premature+burial+1962,4,2024-03-14T02:15:58
567,249372,beauty+and+the+beast+the+enchanted+christmas+1997,4,2024-03-14T02:15:58
568,344069,cursed+2005,3,2024-03-14T02:15:59
569,534314,the+five+senses+1999,3,2024-03-14T02:15:59
570,238526,the+place+beyond+the+pines+2013,4,2024-03-14T02:15:59
571,721492,biutiful+2010,3,2024-03-14T02:15:59
572,497019,the+professionals+1966,5,2024-03-14T02:15:59
573,436463,42nd+street+1933,5,2024-03-14T02:15:59
574,604700,cars+2+2011,3,2024-03-14T02:15:59
575,236204,big+wednesday+1978,4,2024-03-14T02:16:01
576,205020,dark+days+2000,3,2024-03-14T02:16:01
577,146232,extremities+1986,4,2024-03-14T02:16:01
578,52937,conversations+with+other+women+2006,3,2024-03-14T02:16:02
579,329849,a+night+to+remember+1958,4,2024-03-14T02:16:02
580,339647,figures+in+a+landscape+1970,2,2024-03-14T02:16:03
581,357281,henry+fool+1997,4,2024-03-14T02:16:03
582,671866,the+killer+elite+1975,4,2024-03-14T02:16:03
583,477184,big+wednesday+1978,3,2024-03-14T02:16:03
584,302015,alien+1979,5,2024-03-14T02:16:03
585,662852,the+general+1926,4,2024-03-14T02:16:03
586,33555,biutiful+2010,4,2024-03-14T02:16:03
587,694674,daughters+of+the+dust+1991,3,2024-03-14T02:16:04
588,475947,dr.+mabuse_+the+gambler+1922,4,2024-03-14T02:16:04
589,342735,the+wolf+of+wall+street+2013,2,2024-03-14T02:16:05
590,499692,tokyo+godfathers+2003,3,2024-03-14T02:16:05
591,608472,the+purge+anarchy+2014,5,2024-03-14T02:16:05
592,179241,all+the+mornings+of+the+world+1991,4,2024-03-14T02:16:06
593,110712,the+fugitive+1993,5,2024-03-14T02:16:06
594,76599,leningrad+cowboys+meet+moses+1994,3,2024-03-14T02:16:07
595,212960,nightmare+alley+1947,4,2024-03-14T02:16:07
596,356231,a+short+film+about+love+1988,4,2024-03-14T02:16:07
597,581176,barneys+version+2010,4,2024-03-14T02:16:07
598,342425,land+of+the+lost+2009,3,2024-03-14T02:16:08
599,374233,roadgames+1981,3,2024-03-14T02:16:08
600,415061,bring+on+the+night+1985,4,2024-03-14T02:16:10
601,297830,a+short+film+about+love+1988,4,2024-03-14T02:16:10
602,721498,whats+up_+doc+1972,4,2024-03-14T02:16:10
603,501228,the+trials+of+henry+kissinger+2002,4,2024-03-14T02:16:12
604,359910,elizabeth+i+2005,4,2024-03-14T02:16:12
605,248611,the+incredibles+2004,2,2024-03-14T02:39:17
606,594720,dr.+mabuse_+the+gambler+1922,3,2024-03-14T02:39:17
607,275822,the+heiress+1949,5,2024-03-14T02:39:18
608,145834,how+to+train+your+dragon+2010,4,2024-03-14T02:39:18
609,306897,cries+and+whispers+1972,5,2024-03-14T02:39:18
610,441872,tokyo+godfathers+2003,3,2024-03-14T02:39:18
611,177372,the+matrix+1999,4,2024-03-14T02:39:18
612,673926,iron+man+2+2010,4,2024-03-14T02:39:18
613,618898,the+place+beyond+the+pines+2013,3,2024-03-14T02:39:18
614,88760,into+the+white+2012,3,2024-03-14T02:39:19
615,23034,ladybird+ladybird+1994,4,2024-03-14T02:39:19
616,491319,cries+and+whispers+1972,5,2024-03-14T02:39:20
617,133304,the+spongebob+movie+sponge+out+of+water+2015,2,2024-03-14T02:39:20
618,416143,42nd+street+1933,4,2024-03-14T02:39:20
619,70289,frankenweenie+2012,3,2024-03-14T02:39:21
620,374305,priest+2011,3,2024-03-14T02:39:21
621,59247,the+shining+1980,4,2024-03-14T02:39:22
622,609293,the+ascent+1977,4,2024-03-14T02:39:23
623,663947,peter+pan+1953,5,2024-03-14T02:39:23
624,704872,kill+buljo+2007,3,2024-03-14T02:39:23
625,126546,sunshine+state+2002,4,2024-03-14T02:39:23
626,113605,cinderella+2015,3,2024-03-14T02:39:23
627,162935,pirates+of+the+caribbean+the+curse+of+the+black+pearl+2003,4,2024-03-14T02:39:24
628,658937,a+short+film+about+love+1988,5,2024-03-14T02:39:24
629,430608,the+dark+hours+2005,3,2024-03-14T02:39:24
630,604022,looking+for+lenny+2011,3,2024-03-14T02:39:25
631,82376,elizabeth+i+2005,4,2024-03-14T02:39:25
632,218213,sunshine+state+2002,4,2024-03-14T02:39:25
633,517542,nightmare+alley+1947,4,2024-03-14T02:39:26
634,266071,the+place+beyond+the+pines+2013,4,2024-03-14T02:39:26
635,187868,the+five+senses+1999,3,2024-03-14T02:39:26
636,505656,the+trials+of+henry+kissinger+2002,4,2024-03-14T02:39:26
637,68512,nothing+to+declare+2010,3,2024-03-14T02:39:27
638,397601,my+family+1995,4,2024-03-14T02:39:27
639,719927,loudquietloud+a+film+about+the+pixies+2006,4,2024-03-14T02:39:27
640,52201,mcfarland_+usa+2015,4,2024-03-14T02:39:27
641,108437,the+u.s.+vs.+john+lennon+2006,5,2024-03-14T02:39:28
642,284679,dr.+mabuse_+the+gambler+1922,4,2024-03-14T02:39:28
643,184596,dr.+no+1962,4,2024-03-14T02:39:28
644,6423,you+can+count+on+me+2000,4,2024-03-14T02:39:28
645,21894,faces+1968,3,2024-03-14T02:39:28
646,540109,elizabeth+i+2005,3,2024-03-14T02:39:29
647,498920,robinson+in+space+1997,3,2024-03-14T02:39:30
648,384237,nightmare+alley+1947,4,2024-03-14T02:39:30
649,71359,armored+2009,4,2024-03-14T02:39:30
650,725324,blade+runner+1982,4,2024-03-14T02:39:31
651,499769,barneys+version+2010,5,2024-03-14T02:39:31
652,678374,close+encounters+of+the+third+kind+1977,4,2024-03-14T02:39:31
653,127210,the+u.s.+vs.+john+lennon+2006,3,2024-03-14T02:39:32
654,606311,get+out+your+handkerchiefs+1978,4,2024-03-14T02:39:32
655,632325,the+ruling+class+1972,4,2024-03-14T02:39:32
656,685389,the+trials+of+henry+kissinger+2002,4,2024-03-14T02:39:32
657,57560,alice+in+wonderland+1951,4,2024-03-14T02:39:32
658,388406,toy+story+2+1999,4,2024-03-14T02:39:33
659,367574,gentlemen+of+fortune+1971,4,2024-03-14T02:39:33
660,434736,cirque+du+soleil+worlds+away+2012,3,2024-03-14T02:39:33
661,232866,the+ghost+galleon+1974,4,2024-03-14T02:39:33
662,670829,42nd+street+1933,2,2024-03-14T02:39:33
663,93280,lawrence+of+arabia+1962,5,2024-03-14T02:39:34
664,226312,indiana+jones+and+the+last+crusade+1989,5,2024-03-14T02:39:34
665,354253,harry+potter+and+the+deathly+hallows+part+2+2011,4,2024-03-14T02:39:34
666,540042,manderlay+2005,4,2024-03-14T02:39:34
667,206777,i+shot+jesse+james+1949,4,2024-03-14T02:39:35
668,165572,the+lion+king+1+2004,3,2024-03-14T02:39:36
669,451643,mulan+1998,4,2024-03-14T02:16:13
670,588799,the+crimson+pirate+1952,3,2024-03-14T02:16:13
671,302131,the+heiress+1949,4,2024-03-14T02:16:13
672,511562,shutter+island+2010,4,2024-03-14T02:16:13
673,734879,faces+1968,4,2024-03-14T02:16:13
674,651021,trilogy+of+terror+ii+1996,4,2024-03-14T02:16:13
675,69247,conversations+with+other+women+2006,4,2024-03-14T02:16:14
676,205151,a+short+film+about+love+1988,3,2024-03-14T02:16:14
677,500754,sunshine+state+2002,4,2024-03-14T02:16:15
678,120342,robots+2005,4,2024-03-14T02:16:15
679,170972,dark+days+2000,3,2024-03-14T02:16:16
680,455045,star+trek+the+motion+picture+1979,1,2024-03-14T02:16:16
681,355504,the+ruling+class+1972,3,2024-03-14T02:16:16
682,70630,inception+2010,4,2024-03-14T02:16:17
683,522991,the+ruling+class+1972,3,2024-03-14T02:16:17
684,178504,inglourious+basterds+2009,4,2024-03-14T02:16:17
685,730923,the+place+beyond+the+pines+2013,4,2024-03-14T02:16:18
686,281687,dark+days+2000,5,2024-03-14T02:16:18
687,513532,loudquietloud+a+film+about+the+pixies+2006,4,2024-03-14T02:16:18
688,689642,cinderella+2015,4,2024-03-14T02:16:18
689,646681,sunshine+state+2002,3,2024-03-14T02:16:18
690,529403,barneys+version+2010,4,2024-03-14T02:16:18
691,354906,brothers+keeper+1992,4,2024-03-14T02:16:19
692,163909,to+catch+a+thief+1955,5,2024-03-14T02:16:19
693,654460,something+for+everyone+1970,3,2024-03-14T02:16:19
694,90130,dead++buried+1981,4,2024-03-14T02:16:19
695,261540,the+place+beyond+the+pines+2013,4,2024-03-14T02:16:19
696,97306,kirikou+and+the+sorceress+1998,3,2024-03-14T02:16:20
697,511878,princess+mononoke+1997,5,2024-03-14T02:16:20
698,250206,beowulf+2007,3,2024-03-14T02:16:20
699,385274,mouth+to+mouth+1995,4,2024-03-14T02:16:20
700,634827,windstruck+2004,4,2024-03-14T02:16:20
701,412195,the+professionals+1966,5,2024-03-14T02:16:20
702,734525,a+short+film+about+love+1988,3,2024-03-14T02:16:21
703,413736,shutter+2004,4,2024-03-14T02:16:21
704,719864,mon+oncle+antoine+1971,3,2024-03-14T02:16:21
705,68451,a+phantasy+1952,3,2024-03-14T02:16:22
706,545581,paths+of+glory+1957,4,2024-03-14T02:16:23
707,34649,loudquietloud+a+film+about+the+pixies+2006,4,2024-03-14T02:16:23
708,370117,the+crimson+pirate+1952,4,2024-03-14T02:16:24
709,691950,a+short+film+about+love+1988,4,2024-03-14T02:16:24
710,93046,a+song+is+born+1948,4,2024-03-14T02:16:24
711,274638,double+jeopardy+1999,5,2024-03-14T02:16:24
712,418769,tokyo+godfathers+2003,4,2024-03-14T02:16:24
713,514111,the+ruling+class+1972,3,2024-03-14T02:16:26
714,11573,lolita+1962,4,2024-03-14T02:16:26
715,318350,mr.++mrs.+smith+2005,3,2024-03-14T02:16:26
716,522257,biutiful+2010,4,2024-03-14T02:16:26
717,5840,7+dwarves+the+forest+is+not+enough+2006,4,2024-03-14T02:16:26
718,484951,mushrooming+2012,3,2024-03-14T02:16:27
719,311005,men+in+black+1997,4,2024-03-14T02:16:27
720,66490,harry+potter+and+the+half-blood+prince+2009,3,2024-03-14T02:16:29
721,346209,star+wars+1977,5,2024-03-14T02:16:29
722,644291,the+cowboy+and+the+lady+1938,5,2024-03-14T02:16:29
723,172168,42nd+street+1933,4,2024-03-14T02:16:30
724,424562,stagecoach+1939,4,2024-03-14T02:16:30
725,480901,the+crimson+pirate+1952,4,2024-03-14T02:39:36
726,277628,polyester+1981,3,2024-03-14T02:39:37
727,84024,mammy+1930,4,2024-03-14T02:39:37
728,136287,henry+fool+1997,4,2024-03-14T02:39:37
729,162793,apollo+13+1995,4,2024-03-14T02:39:38
730,140758,the+crimson+pirate+1952,4,2024-03-14T02:39:38
731,734358,the+u.s.+vs.+john+lennon+2006,4,2024-03-14T02:39:38
732,386914,independence+day+1996,3,2024-03-14T02:39:39
733,122637,tokyo+godfathers+2003,3,2024-03-14T02:39:39
734,349483,dark+days+2000,4,2024-03-14T02:39:39
735,432213,biutiful+2010,3,2024-03-14T02:39:39
736,540268,extremities+1986,4,2024-03-14T02:39:40
737,341509,harry+potter+and+the+chamber+of+secrets+2002,3,2024-03-14T02:39:41
738,231388,the+making+of+...and+god+spoke+1994,3,2024-03-14T02:39:41
739,244734,dark+days+2000,3,2024-03-14T02:39:41
740,11900,the+ladies+man+1961,2,2024-03-14T02:39:41
741,579630,the+art+of+getting+by+2011,3,2024-03-14T02:39:42
742,668408,crisis+1950,4,2024-03-14T02:39:42
743,227716,henry+fool+1997,4,2024-03-14T02:39:43
744,671684,a+short+film+about+love+1988,5,2024-03-14T02:39:43
745,595964,loudquietloud+a+film+about+the+pixies+2006,4,2024-03-14T02:39:44
746,571271,conversations+with+other+women+2006,4,2024-03-14T02:39:44
747,362210,mirror+mirror+2012,4,2024-03-14T02:39:46
748,198476,the+crime+of+padre+amaro+2002,5,2024-03-14T02:39:46
749,565139,tru+confessions+2002,3,2024-03-14T02:39:46
750,56689,the+story+of+o+1975,4,2024-03-14T02:39:46
751,15318,daughters+of+the+dust+1991,3,2024-03-14T02:39:47
752,446165,armored+2009,4,2024-03-14T02:39:47
753,519271,kirikou+and+the+sorceress+1998,4,2024-03-14T02:39:47
754,311553,brothers+keeper+1992,4,2024-03-14T02:39:47
755,327178,iron+man+2+2010,3,2024-03-14T02:39:48
756,353705,the+heiress+1949,3,2024-03-14T02:39:48
757,660454,dr.+mabuse_+the+gambler+1922,5,2024-03-14T02:39:48
758,608262,the+perks+of+being+a+wallflower+2012,4,2024-03-14T02:39:48
759,147117,talk+to+her+2002,4,2024-03-14T02:39:49
760,309816,faces+1968,3,2024-03-14T02:39:50
761,553161,eulogy+2004,4,2024-03-14T02:39:50
762,618868,the+two+of+us+1967,2,2024-03-14T02:39:50
763,84252,extremities+1986,4,2024-03-14T02:39:50
764,390753,sophie+scholl+the+final+days+2005,3,2024-03-14T02:39:50
765,480307,2001+a+space+odyssey+1968,5,2024-03-14T02:39:50
766,140195,starship+troopers+invasion+2012,3,2024-03-14T02:39:51
767,290297,the+trials+of+henry+kissinger+2002,4,2024-03-14T02:39:51
768,700951,the+fountain+2006,4,2024-03-14T02:39:51
769,215378,snatch+2000,4,2024-03-14T02:39:52
770,480828,the+black+room+1935,4,2024-03-14T02:39:52
771,29894,the+heiress+1949,4,2024-03-14T02:39:52
772,179086,the+shawshank+redemption+1994,5,2024-03-14T02:39:52
773,463752,summer+of+42+1971,3,2024-03-14T02:39:52
774,669050,galaxy+quest+1999,5,2024-03-14T02:39:52
775,255927,shrek+forever+after+2010,3,2024-03-14T02:39:53
776,660688,the+story+of+o+1975,2,2024-03-14T02:39:53
777,41567,seraphim+falls+2006,4,2024-03-14T02:39:53
778,143857,men+in+black+1997,3,2024-03-14T02:39:53
779,85504,the+imitation+game+2014,4,2024-03-14T02:39:54
780,42101,jungle+book+1942,5,2024-03-14T02:39:54
781,37414,caught+inside+2010,3,2024-03-14T02:39:55
782,259070,district+9+2009,4,2024-03-14T02:39:55
783,13036,the+ruling+class+1972,4,2024-03-14T02:16:31
